{"pages":["brad.png"],"chars":[{"id":106,"index":77,"char":"j","width":20,"height":50,"xoffset":-11,"yoffset":0,"xadvance":11,"chnl":15,"x":0,"y":0,"page":0},{"id":37,"index":8,"char":"%","width":27,"height":46,"xoffset":0,"yoffset":2,"xadvance":29,"chnl":15,"x":0,"y":51,"page":0},{"id":124,"index":95,"char":"|","width":6,"height":46,"xoffset":8,"yoffset":-1,"xadvance":21,"chnl":15,"x":21,"y":0,"page":0},{"id":102,"index":73,"char":"f","width":24,"height":45,"xoffset":-2,"yoffset":2,"xadvance":17,"chnl":15,"x":0,"y":98,"page":0},{"id":36,"index":7,"char":"$","width":30,"height":42,"xoffset":-3,"yoffset":4,"xadvance":27,"chnl":15,"x":0,"y":144,"page":0},{"id":87,"index":58,"char":"W","width":42,"height":28,"xoffset":0,"yoffset":9,"xadvance":40,"chnl":15,"x":25,"y":98,"page":0},{"id":89,"index":60,"char":"Y","width":30,"height":41,"xoffset":-1,"yoffset":8,"xadvance":28,"chnl":15,"x":28,"y":0,"page":0},{"id":57,"index":28,"char":"9","width":33,"height":39,"xoffset":-13,"yoffset":8,"xadvance":22,"chnl":15,"x":28,"y":42,"page":0},{"id":121,"index":92,"char":"y","width":24,"height":39,"xoffset":0,"yoffset":13,"xadvance":27,"chnl":15,"x":59,"y":0,"page":0},{"id":40,"index":11,"char":"(","width":12,"height":38,"xoffset":5,"yoffset":3,"xadvance":17,"chnl":15,"x":62,"y":40,"page":0},{"id":41,"index":12,"char":")","width":12,"height":38,"xoffset":0,"yoffset":3,"xadvance":17,"chnl":15,"x":0,"y":187,"page":0},{"id":38,"index":9,"char":"&","width":26,"height":37,"xoffset":-2,"yoffset":8,"xadvance":25,"chnl":15,"x":0,"y":226,"page":0},{"id":74,"index":45,"char":"J","width":27,"height":37,"xoffset":-18,"yoffset":8,"xadvance":11,"chnl":15,"x":13,"y":187,"page":0},{"id":90,"index":61,"char":"Z","width":37,"height":28,"xoffset":-1,"yoffset":8,"xadvance":37,"chnl":15,"x":31,"y":127,"page":0},{"id":112,"index":83,"char":"p","width":22,"height":36,"xoffset":-3,"yoffset":13,"xadvance":19,"chnl":15,"x":68,"y":79,"page":0},{"id":91,"index":62,"char":"[","width":16,"height":36,"xoffset":3,"yoffset":4,"xadvance":17,"chnl":15,"x":75,"y":40,"page":0},{"id":93,"index":64,"char":"]","width":16,"height":36,"xoffset":-2,"yoffset":4,"xadvance":17,"chnl":15,"x":84,"y":0,"page":0},{"id":109,"index":80,"char":"m","width":36,"height":22,"xoffset":1,"yoffset":13,"xadvance":36,"chnl":15,"x":31,"y":156,"page":0},{"id":81,"index":52,"char":"Q","width":36,"height":28,"xoffset":0,"yoffset":10,"xadvance":30,"chnl":15,"x":0,"y":264,"page":0},{"id":82,"index":53,"char":"R","width":36,"height":25,"xoffset":-1,"yoffset":10,"xadvance":31,"chnl":15,"x":27,"y":225,"page":0},{"id":123,"index":94,"char":"{","width":15,"height":36,"xoffset":2,"yoffset":3,"xadvance":17,"chnl":15,"x":41,"y":179,"page":0},{"id":125,"index":96,"char":"}","width":15,"height":36,"xoffset":0,"yoffset":4,"xadvance":17,"chnl":15,"x":57,"y":179,"page":0},{"id":77,"index":48,"char":"M","width":36,"height":27,"xoffset":0,"yoffset":9,"xadvance":36,"chnl":15,"x":69,"y":116,"page":0},{"id":1049,"index":0,"char":"Й","width":36,"height":36,"xoffset":3,"yoffset":0,"xadvance":42,"chnl":15,"x":91,"y":77,"page":0},{"id":1062,"index":0,"char":"Ц","width":36,"height":36,"xoffset":3,"yoffset":0,"xadvance":42,"chnl":15,"x":92,"y":37,"page":0},{"id":1059,"index":0,"char":"У","width":36,"height":36,"xoffset":3,"yoffset":0,"xadvance":42,"chnl":15,"x":101,"y":0,"page":0},{"id":1050,"index":0,"char":"К","width":36,"height":36,"xoffset":3,"yoffset":0,"xadvance":42,"chnl":15,"x":0,"y":293,"page":0},{"id":1045,"index":0,"char":"Е","width":36,"height":36,"xoffset":3,"yoffset":0,"xadvance":42,"chnl":15,"x":0,"y":330,"page":0},{"id":1053,"index":0,"char":"Н","width":36,"height":36,"xoffset":3,"yoffset":0,"xadvance":42,"chnl":15,"x":0,"y":367,"page":0},{"id":1043,"index":0,"char":"Г","width":36,"height":36,"xoffset":3,"yoffset":0,"xadvance":42,"chnl":15,"x":0,"y":404,"page":0},{"id":1064,"index":0,"char":"Ш","width":36,"height":36,"xoffset":3,"yoffset":0,"xadvance":42,"chnl":15,"x":0,"y":441,"page":0},{"id":1065,"index":0,"char":"Щ","width":36,"height":36,"xoffset":3,"yoffset":0,"xadvance":42,"chnl":15,"x":0,"y":478,"page":0},{"id":1047,"index":0,"char":"З","width":36,"height":36,"xoffset":3,"yoffset":0,"xadvance":42,"chnl":15,"x":0,"y":515,"page":0},{"id":1061,"index":0,"char":"Х","width":36,"height":36,"xoffset":3,"yoffset":0,"xadvance":42,"chnl":15,"x":0,"y":552,"page":0},{"id":1031,"index":0,"char":"Ї","width":36,"height":36,"xoffset":3,"yoffset":0,"xadvance":42,"chnl":15,"x":0,"y":589,"page":0},{"id":1168,"index":0,"char":"Ґ","width":36,"height":36,"xoffset":3,"yoffset":0,"xadvance":42,"chnl":15,"x":0,"y":626,"page":0},{"id":1060,"index":0,"char":"Ф","width":36,"height":36,"xoffset":3,"yoffset":0,"xadvance":42,"chnl":15,"x":0,"y":663,"page":0},{"id":1030,"index":0,"char":"І","width":36,"height":36,"xoffset":3,"yoffset":0,"xadvance":42,"chnl":15,"x":0,"y":700,"page":0},{"id":1042,"index":0,"char":"В","width":36,"height":36,"xoffset":3,"yoffset":0,"xadvance":42,"chnl":15,"x":0,"y":737,"page":0},{"id":1040,"index":0,"char":"А","width":36,"height":36,"xoffset":3,"yoffset":0,"xadvance":42,"chnl":15,"x":0,"y":774,"page":0},{"id":1055,"index":0,"char":"П","width":36,"height":36,"xoffset":3,"yoffset":0,"xadvance":42,"chnl":15,"x":0,"y":811,"page":0},{"id":1056,"index":0,"char":"Р","width":36,"height":36,"xoffset":3,"yoffset":0,"xadvance":42,"chnl":15,"x":0,"y":848,"page":0},{"id":1054,"index":0,"char":"О","width":36,"height":36,"xoffset":3,"yoffset":0,"xadvance":42,"chnl":15,"x":0,"y":885,"page":0},{"id":1051,"index":0,"char":"Л","width":36,"height":36,"xoffset":3,"yoffset":0,"xadvance":42,"chnl":15,"x":0,"y":922,"page":0},{"id":1044,"index":0,"char":"Д","width":36,"height":36,"xoffset":3,"yoffset":0,"xadvance":42,"chnl":15,"x":0,"y":959,"page":0},{"id":1046,"index":0,"char":"Ж","width":36,"height":36,"xoffset":3,"yoffset":0,"xadvance":42,"chnl":15,"x":37,"y":251,"page":0},{"id":1028,"index":0,"char":"Є","width":36,"height":36,"xoffset":3,"yoffset":0,"xadvance":42,"chnl":15,"x":73,"y":144,"page":0},{"id":1071,"index":0,"char":"Я","width":36,"height":36,"xoffset":3,"yoffset":0,"xadvance":42,"chnl":15,"x":73,"y":181,"page":0},{"id":1063,"index":0,"char":"Ч","width":36,"height":36,"xoffset":3,"yoffset":0,"xadvance":42,"chnl":15,"x":37,"y":288,"page":0},{"id":1057,"index":0,"char":"С","width":36,"height":36,"xoffset":3,"yoffset":0,"xadvance":42,"chnl":15,"x":37,"y":325,"page":0},{"id":1052,"index":0,"char":"М","width":36,"height":36,"xoffset":3,"yoffset":0,"xadvance":42,"chnl":15,"x":37,"y":362,"page":0},{"id":1048,"index":0,"char":"И","width":36,"height":36,"xoffset":3,"yoffset":0,"xadvance":42,"chnl":15,"x":37,"y":399,"page":0},{"id":1058,"index":0,"char":"Т","width":36,"height":36,"xoffset":3,"yoffset":0,"xadvance":42,"chnl":15,"x":37,"y":436,"page":0},{"id":1068,"index":0,"char":"Ь","width":36,"height":36,"xoffset":3,"yoffset":0,"xadvance":42,"chnl":15,"x":37,"y":473,"page":0},{"id":1041,"index":0,"char":"Б","width":36,"height":36,"xoffset":3,"yoffset":0,"xadvance":42,"chnl":15,"x":37,"y":510,"page":0},{"id":1070,"index":0,"char":"Ю","width":36,"height":36,"xoffset":3,"yoffset":0,"xadvance":42,"chnl":15,"x":37,"y":547,"page":0},{"id":1081,"index":0,"char":"й","width":36,"height":36,"xoffset":3,"yoffset":0,"xadvance":42,"chnl":15,"x":37,"y":584,"page":0},{"id":1094,"index":0,"char":"ц","width":36,"height":36,"xoffset":3,"yoffset":0,"xadvance":42,"chnl":15,"x":37,"y":621,"page":0},{"id":1091,"index":0,"char":"у","width":36,"height":36,"xoffset":3,"yoffset":0,"xadvance":42,"chnl":15,"x":37,"y":658,"page":0},{"id":1082,"index":0,"char":"к","width":36,"height":36,"xoffset":3,"yoffset":0,"xadvance":42,"chnl":15,"x":37,"y":695,"page":0},{"id":1077,"index":0,"char":"е","width":36,"height":36,"xoffset":3,"yoffset":0,"xadvance":42,"chnl":15,"x":37,"y":732,"page":0},{"id":1085,"index":0,"char":"н","width":36,"height":36,"xoffset":3,"yoffset":0,"xadvance":42,"chnl":15,"x":37,"y":769,"page":0},{"id":1075,"index":0,"char":"г","width":36,"height":36,"xoffset":3,"yoffset":0,"xadvance":42,"chnl":15,"x":37,"y":806,"page":0},{"id":1096,"index":0,"char":"ш","width":36,"height":36,"xoffset":3,"yoffset":0,"xadvance":42,"chnl":15,"x":37,"y":843,"page":0},{"id":1097,"index":0,"char":"щ","width":36,"height":36,"xoffset":3,"yoffset":0,"xadvance":42,"chnl":15,"x":37,"y":880,"page":0},{"id":1079,"index":0,"char":"з","width":36,"height":36,"xoffset":3,"yoffset":0,"xadvance":42,"chnl":15,"x":37,"y":917,"page":0},{"id":1093,"index":0,"char":"х","width":36,"height":36,"xoffset":3,"yoffset":0,"xadvance":42,"chnl":15,"x":37,"y":954,"page":0},{"id":1111,"index":0,"char":"ї","width":36,"height":36,"xoffset":3,"yoffset":0,"xadvance":42,"chnl":15,"x":74,"y":218,"page":0},{"id":1169,"index":0,"char":"ґ","width":36,"height":36,"xoffset":3,"yoffset":0,"xadvance":42,"chnl":15,"x":110,"y":114,"page":0},{"id":1092,"index":0,"char":"ф","width":36,"height":36,"xoffset":3,"yoffset":0,"xadvance":42,"chnl":15,"x":128,"y":74,"page":0},{"id":1110,"index":0,"char":"і","width":36,"height":36,"xoffset":3,"yoffset":0,"xadvance":42,"chnl":15,"x":129,"y":37,"page":0},{"id":1074,"index":0,"char":"в","width":36,"height":36,"xoffset":3,"yoffset":0,"xadvance":42,"chnl":15,"x":138,"y":0,"page":0},{"id":1072,"index":0,"char":"а","width":36,"height":36,"xoffset":3,"yoffset":0,"xadvance":42,"chnl":15,"x":110,"y":151,"page":0},{"id":1087,"index":0,"char":"п","width":36,"height":36,"xoffset":3,"yoffset":0,"xadvance":42,"chnl":15,"x":74,"y":255,"page":0},{"id":1088,"index":0,"char":"р","width":36,"height":36,"xoffset":3,"yoffset":0,"xadvance":42,"chnl":15,"x":74,"y":292,"page":0},{"id":1086,"index":0,"char":"о","width":36,"height":36,"xoffset":3,"yoffset":0,"xadvance":42,"chnl":15,"x":74,"y":329,"page":0},{"id":1083,"index":0,"char":"л","width":36,"height":36,"xoffset":3,"yoffset":0,"xadvance":42,"chnl":15,"x":74,"y":366,"page":0},{"id":1076,"index":0,"char":"д","width":36,"height":36,"xoffset":3,"yoffset":0,"xadvance":42,"chnl":15,"x":74,"y":403,"page":0},{"id":1078,"index":0,"char":"ж","width":36,"height":36,"xoffset":3,"yoffset":0,"xadvance":42,"chnl":15,"x":74,"y":440,"page":0},{"id":1108,"index":0,"char":"є","width":36,"height":36,"xoffset":3,"yoffset":0,"xadvance":42,"chnl":15,"x":74,"y":477,"page":0},{"id":1103,"index":0,"char":"я","width":36,"height":36,"xoffset":3,"yoffset":0,"xadvance":42,"chnl":15,"x":74,"y":514,"page":0},{"id":1095,"index":0,"char":"ч","width":36,"height":36,"xoffset":3,"yoffset":0,"xadvance":42,"chnl":15,"x":74,"y":551,"page":0},{"id":1089,"index":0,"char":"с","width":36,"height":36,"xoffset":3,"yoffset":0,"xadvance":42,"chnl":15,"x":74,"y":588,"page":0},{"id":1084,"index":0,"char":"м","width":36,"height":36,"xoffset":3,"yoffset":0,"xadvance":42,"chnl":15,"x":74,"y":625,"page":0},{"id":1080,"index":0,"char":"и","width":36,"height":36,"xoffset":3,"yoffset":0,"xadvance":42,"chnl":15,"x":74,"y":662,"page":0},{"id":1090,"index":0,"char":"т","width":36,"height":36,"xoffset":3,"yoffset":0,"xadvance":42,"chnl":15,"x":74,"y":699,"page":0},{"id":1100,"index":0,"char":"ь","width":36,"height":36,"xoffset":3,"yoffset":0,"xadvance":42,"chnl":15,"x":74,"y":736,"page":0},{"id":1073,"index":0,"char":"б","width":36,"height":36,"xoffset":3,"yoffset":0,"xadvance":42,"chnl":15,"x":74,"y":773,"page":0},{"id":1102,"index":0,"char":"ю","width":36,"height":36,"xoffset":3,"yoffset":0,"xadvance":42,"chnl":15,"x":74,"y":810,"page":0},{"id":55,"index":26,"char":"7","width":33,"height":34,"xoffset":-4,"yoffset":9,"xadvance":27,"chnl":15,"x":74,"y":847,"page":0},{"id":113,"index":84,"char":"q","width":26,"height":34,"xoffset":0,"yoffset":14,"xadvance":24,"chnl":15,"x":74,"y":882,"page":0},{"id":103,"index":74,"char":"g","width":23,"height":34,"xoffset":0,"yoffset":12,"xadvance":24,"chnl":15,"x":74,"y":917,"page":0},{"id":100,"index":71,"char":"d","width":22,"height":33,"xoffset":0,"yoffset":3,"xadvance":23,"chnl":15,"x":37,"y":991,"page":0},{"id":98,"index":69,"char":"b","width":18,"height":33,"xoffset":1,"yoffset":3,"xadvance":20,"chnl":15,"x":60,"y":991,"page":0},{"id":35,"index":6,"char":"#","width":30,"height":33,"xoffset":-2,"yoffset":8,"xadvance":26,"chnl":15,"x":74,"y":952,"page":0},{"id":65,"index":36,"char":"A","width":33,"height":29,"xoffset":-3,"yoffset":8,"xadvance":30,"chnl":15,"x":110,"y":188,"page":0},{"id":71,"index":42,"char":"G","width":30,"height":33,"xoffset":0,"yoffset":10,"xadvance":30,"chnl":15,"x":98,"y":917,"page":0},{"id":105,"index":76,"char":"i","width":14,"height":32,"xoffset":0,"yoffset":3,"xadvance":13,"chnl":15,"x":101,"y":882,"page":0},{"id":107,"index":78,"char":"k","width":26,"height":32,"xoffset":1,"yoffset":5,"xadvance":25,"chnl":15,"x":108,"y":847,"page":0},{"id":126,"index":97,"char":"~","width":32,"height":9,"xoffset":2,"yoffset":16,"xadvance":35,"chnl":15,"x":0,"y":996,"page":0},{"id":64,"index":35,"char":"@","width":30,"height":32,"xoffset":0,"yoffset":7,"xadvance":29,"chnl":15,"x":116,"y":880,"page":0},{"id":83,"index":54,"char":"S","width":32,"height":26,"xoffset":-2,"yoffset":9,"xadvance":30,"chnl":15,"x":79,"y":986,"page":0},{"id":72,"index":43,"char":"H","width":32,"height":29,"xoffset":2,"yoffset":8,"xadvance":31,"chnl":15,"x":105,"y":951,"page":0},{"id":53,"index":24,"char":"5","width":31,"height":26,"xoffset":-2,"yoffset":10,"xadvance":24,"chnl":15,"x":129,"y":913,"page":0},{"id":104,"index":75,"char":"h","width":20,"height":31,"xoffset":1,"yoffset":5,"xadvance":22,"chnl":15,"x":112,"y":981,"page":0},{"id":108,"index":79,"char":"l","width":13,"height":31,"xoffset":0,"yoffset":5,"xadvance":13,"chnl":15,"x":133,"y":981,"page":0},{"id":84,"index":55,"char":"T","width":31,"height":27,"xoffset":-1,"yoffset":9,"xadvance":25,"chnl":15,"x":138,"y":940,"page":0},{"id":85,"index":56,"char":"U","width":31,"height":27,"xoffset":2,"yoffset":11,"xadvance":30,"chnl":15,"x":147,"y":968,"page":0},{"id":75,"index":46,"char":"K","width":31,"height":28,"xoffset":2,"yoffset":9,"xadvance":31,"chnl":15,"x":147,"y":996,"page":0},{"id":66,"index":37,"char":"B","width":31,"height":28,"xoffset":-3,"yoffset":8,"xadvance":28,"chnl":15,"x":111,"y":218,"page":0},{"id":119,"index":90,"char":"w","width":30,"height":23,"xoffset":-2,"yoffset":12,"xadvance":28,"chnl":15,"x":111,"y":247,"page":0},{"id":47,"index":18,"char":"/","width":21,"height":30,"xoffset":-2,"yoffset":7,"xadvance":17,"chnl":15,"x":111,"y":271,"page":0},{"id":88,"index":59,"char":"X","width":30,"height":28,"xoffset":-3,"yoffset":9,"xadvance":26,"chnl":15,"x":111,"y":302,"page":0},{"id":92,"index":63,"char":"\\","width":21,"height":30,"xoffset":-2,"yoffset":6,"xadvance":17,"chnl":15,"x":133,"y":271,"page":0},{"id":61,"index":32,"char":"=","width":29,"height":13,"xoffset":3,"yoffset":14,"xadvance":35,"chnl":15,"x":28,"y":82,"page":0},{"id":94,"index":65,"char":"^","width":29,"height":16,"xoffset":6,"yoffset":1,"xadvance":42,"chnl":15,"x":0,"y":1006,"page":0},{"id":43,"index":14,"char":"+","width":29,"height":29,"xoffset":3,"yoffset":6,"xadvance":35,"chnl":15,"x":143,"y":218,"page":0},{"id":79,"index":50,"char":"O","width":29,"height":26,"xoffset":0,"yoffset":10,"xadvance":29,"chnl":15,"x":144,"y":188,"page":0},{"id":52,"index":23,"char":"4","width":26,"height":28,"xoffset":-1,"yoffset":10,"xadvance":26,"chnl":15,"x":147,"y":111,"page":0},{"id":56,"index":27,"char":"8","width":23,"height":28,"xoffset":1,"yoffset":8,"xadvance":22,"chnl":15,"x":165,"y":74,"page":0},{"id":116,"index":87,"char":"t","width":19,"height":28,"xoffset":-2,"yoffset":7,"xadvance":15,"chnl":15,"x":166,"y":37,"page":0},{"id":68,"index":39,"char":"D","width":28,"height":26,"xoffset":-1,"yoffset":10,"xadvance":26,"chnl":15,"x":175,"y":0,"page":0},{"id":70,"index":41,"char":"F","width":25,"height":28,"xoffset":0,"yoffset":9,"xadvance":23,"chnl":15,"x":186,"y":27,"page":0},{"id":86,"index":57,"char":"V","width":28,"height":26,"xoffset":0,"yoffset":10,"xadvance":27,"chnl":15,"x":204,"y":0,"page":0},{"id":78,"index":49,"char":"N","width":28,"height":27,"xoffset":3,"yoffset":9,"xadvance":32,"chnl":15,"x":147,"y":140,"page":0},{"id":60,"index":31,"char":"<","width":28,"height":25,"xoffset":3,"yoffset":8,"xadvance":35,"chnl":15,"x":174,"y":103,"page":0},{"id":62,"index":33,"char":">","width":28,"height":25,"xoffset":3,"yoffset":8,"xadvance":35,"chnl":15,"x":189,"y":56,"page":0},{"id":50,"index":21,"char":"2","width":27,"height":26,"xoffset":-1,"yoffset":10,"xadvance":24,"chnl":15,"x":212,"y":27,"page":0},{"id":110,"index":81,"char":"n","width":27,"height":21,"xoffset":1,"yoffset":14,"xadvance":26,"chnl":15,"x":142,"y":248,"page":0},{"id":33,"index":4,"char":"!","width":7,"height":27,"xoffset":3,"yoffset":8,"xadvance":12,"chnl":15,"x":64,"y":216,"page":0},{"id":69,"index":40,"char":"E","width":24,"height":27,"xoffset":1,"yoffset":8,"xadvance":25,"chnl":15,"x":111,"y":331,"page":0},{"id":80,"index":51,"char":"P","width":27,"height":27,"xoffset":-2,"yoffset":9,"xadvance":23,"chnl":15,"x":111,"y":359,"page":0},{"id":76,"index":47,"char":"L","width":27,"height":26,"xoffset":2,"yoffset":9,"xadvance":26,"chnl":15,"x":233,"y":0,"page":0},{"id":67,"index":38,"char":"C","width":27,"height":27,"xoffset":0,"yoffset":9,"xadvance":26,"chnl":15,"x":136,"y":331,"page":0},{"id":63,"index":34,"char":"?","width":15,"height":27,"xoffset":0,"yoffset":8,"xadvance":16,"chnl":15,"x":142,"y":302,"page":0},{"id":54,"index":25,"char":"6","width":25,"height":26,"xoffset":0,"yoffset":9,"xadvance":25,"chnl":15,"x":155,"y":270,"page":0},{"id":48,"index":19,"char":"0","width":23,"height":26,"xoffset":-1,"yoffset":10,"xadvance":22,"chnl":15,"x":158,"y":297,"page":0},{"id":120,"index":91,"char":"x","width":24,"height":26,"xoffset":-4,"yoffset":13,"xadvance":19,"chnl":15,"x":173,"y":215,"page":0},{"id":73,"index":44,"char":"I","width":7,"height":26,"xoffset":2,"yoffset":9,"xadvance":11,"chnl":15,"x":173,"y":242,"page":0},{"id":49,"index":20,"char":"1","width":23,"height":25,"xoffset":-2,"yoffset":11,"xadvance":21,"chnl":15,"x":174,"y":168,"page":0},{"id":51,"index":22,"char":"3","width":25,"height":23,"xoffset":-2,"yoffset":12,"xadvance":24,"chnl":15,"x":176,"y":129,"page":0},{"id":101,"index":72,"char":"e","width":16,"height":25,"xoffset":0,"yoffset":12,"xadvance":15,"chnl":15,"x":181,"y":242,"page":0},{"id":59,"index":30,"char":";","width":12,"height":25,"xoffset":-2,"yoffset":16,"xadvance":10,"chnl":15,"x":181,"y":268,"page":0},{"id":122,"index":93,"char":"z","width":25,"height":23,"xoffset":-3,"yoffset":13,"xadvance":22,"chnl":15,"x":111,"y":387,"page":0},{"id":118,"index":89,"char":"v","width":24,"height":25,"xoffset":-2,"yoffset":11,"xadvance":20,"chnl":15,"x":111,"y":411,"page":0},{"id":117,"index":88,"char":"u","width":24,"height":21,"xoffset":1,"yoffset":14,"xadvance":24,"chnl":15,"x":111,"y":437,"page":0},{"id":97,"index":68,"char":"a","width":19,"height":24,"xoffset":0,"yoffset":11,"xadvance":21,"chnl":15,"x":111,"y":459,"page":0},{"id":111,"index":82,"char":"o","width":17,"height":23,"xoffset":0,"yoffset":13,"xadvance":17,"chnl":15,"x":111,"y":484,"page":0},{"id":115,"index":86,"char":"s","width":20,"height":23,"xoffset":-1,"yoffset":13,"xadvance":18,"chnl":15,"x":111,"y":508,"page":0},{"id":42,"index":13,"char":"*","width":23,"height":20,"xoffset":0,"yoffset":4,"xadvance":22,"chnl":15,"x":189,"y":82,"page":0},{"id":114,"index":85,"char":"r","width":18,"height":22,"xoffset":1,"yoffset":14,"xadvance":16,"chnl":15,"x":129,"y":484,"page":0},{"id":99,"index":70,"char":"c","width":18,"height":22,"xoffset":0,"yoffset":13,"xadvance":17,"chnl":15,"x":131,"y":459,"page":0},{"id":95,"index":66,"char":"_","width":21,"height":6,"xoffset":-2,"yoffset":35,"xadvance":17,"chnl":15,"x":158,"y":324,"page":0},{"id":58,"index":29,"char":":","width":8,"height":19,"xoffset":1,"yoffset":16,"xadvance":10,"chnl":15,"x":147,"y":168,"page":0},{"id":45,"index":16,"char":"-","width":15,"height":6,"xoffset":0,"yoffset":21,"xadvance":14,"chnl":15,"x":166,"y":66,"page":0},{"id":39,"index":10,"char":"'","width":6,"height":13,"xoffset":1,"yoffset":9,"xadvance":8,"chnl":15,"x":30,"y":1006,"page":0},{"id":44,"index":15,"char":",","width":11,"height":13,"xoffset":-2,"yoffset":27,"xadvance":10,"chnl":15,"x":176,"y":153,"page":0},{"id":34,"index":5,"char":"\"","width":10,"height":13,"xoffset":1,"yoffset":9,"xadvance":12,"chnl":15,"x":188,"y":153,"page":0},{"id":96,"index":67,"char":"`","width":12,"height":11,"xoffset":3,"yoffset":3,"xadvance":21,"chnl":15,"x":79,"y":1013,"page":0},{"id":46,"index":17,"char":".","width":7,"height":8,"xoffset":1,"yoffset":28,"xadvance":10,"chnl":15,"x":41,"y":216,"page":0},{"id":32,"index":3,"char":" ","width":0,"height":0,"xoffset":-2,"yoffset":31,"xadvance":11,"chnl":15,"x":13,"y":225,"page":0}],"info":{"face":"brad","size":42,"bold":0,"italic":0,"charset":["1","2","3","4","5","6","7","8","9","0","-","=","`","q","w","e","r","t","y","u","i","o","p","[","]","a","s","d","f","g","h","j","k","l",";","'","z","x","c","v","b","n","m",",",".","/"," ","~","!","@","#","$","%","^","&","*","(",")","_","+","Q","W","E","R","T","Y","U","I","O","P","{","}","|","A","S","D","F","G","H","J","K","L",":","\"","Z","X","C","V","B","N","M","<",">","?","Й","Ц","У","К","Е","Н","Г","Ш","Щ","З","Х","Ї","Ґ","Ф","І","В","А","П","Р","О","Л","Д","Ж","Є","Я","Ч","С","М","И","Т","Ь","Б","Ю","\\","й","ц","у","к","е","н","г","ш","щ","з","х","ї","ґ","ф","і","в","а","п","р","о","л","д","ж","є","я","ч","с","м","и","т","ь","б","ю"],"unicode":1,"stretchH":100,"smooth":1,"aa":1,"padding":[2,2,2,2],"spacing":[0,0]},"common":{"lineHeight":45,"base":31,"scaleW":1024,"scaleH":1024,"pages":1,"packed":0,"alphaChnl":0,"redChnl":0,"greenChnl":0,"blueChnl":0},"distanceField":{"fieldType":"msdf","distanceRange":4},"kernings":[]}